{"train_loss": 0.78502959593894, "train_acc": 0.7142857142857143, "val_loss": 0.5436533437834845, "val_acc": 0.777037037037037, "_timestamp": 1713941871.676567, "_runtime": 125.91320419311523, "_step": 0, "_wandb": {"runtime": 124}}