{"train_loss": 0.8253209563001754, "train_acc": 0.7014285714285714, "val_loss": 5.108777104130498, "val_acc": 0.24333333333333332, "_timestamp": 1713942051.7329984, "_runtime": 121.39984726905823, "_step": 0, "_wandb": {"runtime": 120}}