{"train_loss": 0.03925218673528723, "train_acc": 0.9874603174603175, "val_loss": 0.1908531928697118, "val_acc": 0.9474074074074074, "_timestamp": 1713941491.0324883, "_runtime": 2430.375719308853, "_step": 19, "_wandb": {"runtime": 2428}}