{"train_loss": 0.8763155829528021, "train_acc": 0.6695238095238095, "val_loss": 1.2199999194675022, "val_acc": 0.5892592592592593, "_timestamp": 1713942254.8927412, "_runtime": 123.83452010154724, "_step": 0, "_wandb": {"runtime": 122}}