{"train_loss": 0.020862840002754682, "train_acc": 0.993015873015873, "val_loss": 0.04880590600936018, "val_acc": 0.9833333333333333, "_timestamp": 1713946136.3534226, "_runtime": 3570.2923336029053, "_step": 19, "_wandb": {"runtime": 3569}}